-- phpMyAdmin SQL Dump
-- version 5.0.4
-- https://www.phpmyadmin.net/
--
-- Хост: 127.0.0.1:3306
-- Час створення: Чрв 14 2023 р., 23:57
-- Версія сервера: 8.0.19
-- Версія PHP: 7.4.14

SET SQL_MODE = "NO_AUTO_VALUE_ON_ZERO";
START TRANSACTION;
SET time_zone = "+00:00";


/*!40101 SET @OLD_CHARACTER_SET_CLIENT=@@CHARACTER_SET_CLIENT */;
/*!40101 SET @OLD_CHARACTER_SET_RESULTS=@@CHARACTER_SET_RESULTS */;
/*!40101 SET @OLD_COLLATION_CONNECTION=@@COLLATION_CONNECTION */;
/*!40101 SET NAMES utf8mb4 */;

--
-- База даних: `shop`
--

-- --------------------------------------------------------

--
-- Структура таблиці `category`
--

CREATE TABLE `category` (
  `id` int NOT NULL,
  `name` varchar(255) NOT NULL,
  `sort_order` int NOT NULL,
  `status` int NOT NULL DEFAULT '1'
) ENGINE=MyISAM DEFAULT CHARSET=utf8;

--
-- Дамп даних таблиці `category`
--

INSERT INTO `category` (`id`, `name`, `sort_order`, `status`) VALUES
(11, 'Бренд \"CHRISTOFLE\"', 2, 1),
(9, 'Бренд \"DAUM\"', 1, 1),
(12, 'ВАЗА \"BERNARDAUD\"', 1, 1);

-- --------------------------------------------------------

--
-- Структура таблиці `product`
--

CREATE TABLE `product` (
  `id` int NOT NULL,
  `name` varchar(255) NOT NULL,
  `code` varchar(255) NOT NULL,
  `brand` varchar(255) NOT NULL,
  `price` float NOT NULL,
  `title` varchar(255) DEFAULT NULL,
  `description` text NOT NULL,
  `category_id` int NOT NULL,
  `sub_category_id` int NOT NULL,
  `availability` int NOT NULL,
  `is_featured` int NOT NULL,
  `is_new` int NOT NULL,
  `image` varchar(255) DEFAULT NULL,
  `status` int NOT NULL DEFAULT '1'
) ENGINE=MyISAM DEFAULT CHARSET=utf8;

--
-- Дамп даних таблиці `product`
--

INSERT INTO `product` (`id`, `name`, `code`, `brand`, `price`, `title`, `description`, `category_id`, `sub_category_id`, `availability`, `is_featured`, `is_new`, `image`, `status`) VALUES
(28, 'СТАТУЕТКА \"CHEVAL\"', '8734', 'Daum', 600, NULL, 'Статуетки – лімітована серія тематичних фігурок.\r\n\r\nMaison Daum представляє лімітовану серію в 500 екземплярів Cheval Fougueux Horse – скульптуру арабського коня. Арабський кінь вважається найстарішою породою коней, що походить з Месопотамії. Ця особлива порода коней відома своїм вогненним духом, спритністю і хоробрістю, які зробили їх відомими серед завойовників протягом всієї історії. Вогненні Коні Daum демонструють цей благородний і гордий характер.\r\n', 9, 33, 1, 1, 1, NULL, 1),
(26, 'СТАТУЕТКА \"BULL\"', '8721', 'Daum', 390, NULL, 'Статуетки – лімітована серія тематичних фігурок.\r\n\r\nСкульптурні твори кришталевої мануфактури Daum відзначені званням творів мистецтва. Вони стануть не просто пам\'ятним подарунком, а справжньою колекційної фамільною цінністю.\r\n\r\nПротягом своєї 150-річної історії французька мануфактура Daum привертала для роботи кращих художників і скульпторів, даючи справді творчим особистостям прекрасну можливість для самовираження, тому кожна кришталева статуетка Daum – втілення сміливих експериментів і заслужено прирівнюється до витворів мистецтва!\r\n', 9, 33, 1, 1, 0, NULL, 1),
(27, 'СТАТУЕТКА \"PANTHERE\"', '8733', 'Daum', 560, NULL, 'Статуетки – лімітована серія тематичних фігурок.\r\n\r\nСкульптурні твори кришталевої мануфактури Daum відзначені званням творів мистецтва. Вони стануть не просто пам\'ятним подарунком, а справжньою колекційної фамільною цінністю.\r\n\r\nПротягом своєї 150-річної історії французька мануфактура Daum привертала для роботи кращих художників і скульпторів, даючи справді творчим особистостям прекрасну можливість для самовираження, тому кожна кришталева статуетка Daum – втілення сміливих експериментів і заслужено прирівнюється до витворів мистецтва!\r\n', 9, 33, 1, 1, 0, NULL, 1),
(29, 'СТАТУЕТКА \"GORILLA\"', '8736', 'Daum', 764, NULL, 'Статуетки – лімітована серія тематичних фігурок.\r\n\r\nСкульптурні твори кришталевої мануфактури Daum відзначені званням творів мистецтва. Вони стануть не просто пам\'ятним подарунком, а справжньою колекційної фамільною цінністю.\r\n\r\nПротягом своєї 150-річної історії французька мануфактура Daum привертала для роботи кращих художників і скульпторів, даючи справді творчим особистостям прекрасну можливість для самовираження, тому кожна кришталева статуетка Daum – втілення сміливих експериментів і заслужено прирівнюється до витворів мистецтва!\r\n', 9, 33, 1, 1, 1, NULL, 1),
(30, 'СТАТУЕТКА \"JP RICHARD\"', '3144', 'Daum', 900, NULL, 'Статуетки – лімітована серія тематичних фігурок.\r\n\r\nЖан-Філіп Рішар створив для Daum безліч скульптур \"pâte de cristal\" – творів надзвичайної природної краси. У новій серії робіт автор віддає данину позачасовій жіночності – стрункий, гордий та незалежний силует, що виникає з бездоганного матеріалу.\r\n', 9, 33, 1, 0, 0, NULL, 1),
(32, 'ВАЗА \"BOUQUET\"', '8164', 'Daum', 689, NULL, 'Ваза - посудина з різних матеріалів і різної форми, в яку ставлять квіти, кладуть фрукти і використовують як естетичну прикрасу домівлі.\r\n\r\nМаурісіо Клаверо Козловські, випустивши колекцію «Джунглі», запустив новий цикл художніх творів в колаборації з Daum. Рослина тепер поступається місцем екзотичним квітам, які знаходяться в центрі уваги в колекції Bouquet. Колекція пропонує захоплююче зображення квітів, до чиєї магії додані оригінальність форм і різноманітність предметів.\r\n', 9, 32, 1, 0, 0, NULL, 1),
(39, 'ФЛАКОН ДЛЯ ПАРФУМІВ РУЧНОЇ РОБОТИ \"FLEUR DE PAON\"', '6452', 'Daum', 543, NULL, 'Флакон для парфумерії або атомайзер - це ємність, призначена для невеликого об\'єму парфумерної рідини.\r\n\r\nPAPILLON – чарівні скульптури, що поєднують у собі крихкість руху метелика та делікатність кришталю. Кожен виріб Daum – це втілення сміливих експериментів та заслужено прирівнюється до творів мистецтва!\r\n', 9, 34, 1, 0, 0, NULL, 1),
(34, 'ВАЗА \"TULIPE\"', '4360', 'Daum', 1200, NULL, 'Ваза - посудина з різних матеріалів і різної форми, в яку ставлять квіти, кладуть фрукти і використовують як естетичну прикрасу домівлі.\r\n\r\nНа мануфактурі Daum працюють за старовинною єгипетської технології – «кришталеве тісто». Скульптури відливають і обпалюють в печі. Кожен виріб неповторний, адже від найменшої зміни температури змінюється відтінок кольору кришталю. Мануфактура з довгою історією Daum – це не просто кришталь, це справжні мистецькі витвори. Кожна кришталева скульптура Daum – втілення сміливих експериментів і заслужено прирівнюється до творів мистецтва!\r\n', 9, 32, 1, 1, 0, NULL, 1),
(35, 'СКАРБНИЧКА ДЛЯ ДРІБНИЦЬ \"TRESSAGE\"', '3144', 'Daum', 555, NULL, 'Скарбничка для дрібниць - інтер\'єрний аксесуар у вигляді неглибокої ємності для естетичного зберігання ключів, коштовностей та маленьких дрібничок.\r\n\r\nКолекція Tressage відомої французької кришталевої мануфактури Daum, чиї творіння прирівнюються до творів мистецтв, екзотична і неймовірно красива. У цій соковитій, спекотній колекції зібрані листя бамбука, банана та кокосової пальми від Карибського моря до Індонезії через Мадагаскар. Плетіння кошиків, капелюхів або прикрас з цих листів – теж своєрідне мистецтво, передане від предків, яке вимагає чудової спритності й майстерності. Мануфактура Daum досліджувала цей звичай, адаптуючи його до інтер\'єру. Листя були сплетені, а потім перетворені в вази та чаші. Вони перетинаються, змішуються, і народжують предмети декору, в які можна поставити зрізані квіти або тільки що зібрані фрукти. Щоб підкреслити екзотику островів, що надихнули творців на цю колекцію, скульптури прикрашено квітами ванілі.\r\n', 9, 32, 1, 0, 0, NULL, 1),
(36, 'ВАЗА \"SAFRAN\"', '31344', 'Daum', 893, NULL, 'Ваза - посудина з різних матеріалів і різної форми, в яку ставлять квіти, кладуть фрукти і використовують як естетичну прикрасу домівлі.\r\n\r\nКвітка шафрану (від латинського crocus sativus) – одна із найдорожчих квітів у світі. Шафран називають «червоним золотом» через його унікальні маточки, з яких роблять дорогу і неймовірно цінну пряність. Ода вимогливій та делікатній природі, колекція Safran розповідає про квітку, що росте на піщаних і сонячних землях, таку крихку й водночас таку цінну. Оскільки спеція забарвлює страви в жовто-золоті тони, предмети колекції Safran багаті на теплі кольори, що змінюються від бурштинового до червоного.\r\n', 9, 32, 1, 0, 0, NULL, 1),
(37, 'ПІДСТАВКА ДЛЯ КАНЦТОВАРІВ \"CAVALCADE\"', '9433', 'Daum', 1645, NULL, 'Підставка для канцтоварів - витончений органайзер для зберігання канцтоварів.\r\n\r\nВиняткове ноу-хау будинку Daum, що передається з покоління в покоління, представлене у чудовій колекції Cavalcade, виконаній у сіро-блакитних тонах. Ці виняткові твори випромінюють енергію і передають динаміку стрибаючих у морській піні коней. Кольори, отримані шляхом змішування різних відтінків синього і сірого, подібні до грозового неба, вони надають виробам особливого драматизму й ефектну красу.\r\n', 9, 32, 1, 0, 1, NULL, 1),
(38, 'ВАЗА \"FLEUR DE PAON\"	', '9786', 'Daum', 3412, NULL, 'Флакон для парфумерії або атомайзер - це ємність, призначена для невеликого об\'єму парфумерної рідини.\r\n\r\nFLEUR DE PAON – незвичайна колекція, яка переносить у саме серце джунглів Індо-Тихоокеанського регіону, де екзотичне велике листя поєднується з незвичайним пір\'ям зеленого павича. Яскраві та насичені відтінки синього, зеленого та бурштинового, прикрашені штрихом блискучого чорного, створюють справжнє буяння кольору та увічнюють майстерність скульпторів мануфактури Daum.\r\n', 9, 32, 1, 0, 0, NULL, 1),
(40, 'ФЛАКОН ДЛЯ ПАРФУМІВ ', '67234', 'Daum', 533, NULL, 'Флакон для парфумерії або атомайзер - це ємність, призначена для невеликого об\'єму парфумерної рідини.\r\n\r\nСерія D\'ORCHIDEE запрошує поринути у чарівний світ ніжної природи. Символи чистоти та елегантності, орхідеї танцюють на поверхні кришталевих виробів. Ці бездоганні осяяні квіти, створені за допомогою виняткового ноу-хау мануфактури, виражають справжню сутність Будинку Daum.\r\n', 9, 32, 1, 0, 0, NULL, 1),
(41, 'ЧАЙНА ЛОЖКА \"OSIRIS\"', '8749', 'CHRISTOFLE', 356, NULL, 'Ложка чайна – столове приладдя об\'ємом 5 мл, для вживання меду, варення, розмішування цукру під час чаювання.\r\n\r\nOsiris – колекція столових приладів, створена відомим художником Бернардом Йотом у 1991 році, поєднує у собі витонченість та граціозність. Стиль предметів ненав\'язливо нагадує рослинний та водний світ Єгипту: округлі форми лотоса, рельєф папірусу. Щедрий, але водночас тонкий та елегантний дизайн перетворює кожен прилад і віддає шанe міфічному царюі Стародавнього Єгипту.\r\n\r\nВиготовлена ​​з якісної нержавіючої сталі колекція Osiris покликана прикрасити повсякденний стіл.\r\n', 11, 35, 1, 1, 0, NULL, 1),
(42, 'ВИДЕЛКА СТОЛОВА \"OSIRIS\"', '5433', 'CHRISTOFLE', 340, NULL, 'Ніж столовий (обідній) – ніж із довгим лезом, із заокругленим або загостреним кінцем, із зазубринами – serrated blades, або без зазубрин – straight blades. Призначений для других гарячих страв. Довжина столового ножа приблизно дорівнює діаметру столової тарілки.\r\n\r\nOsiris – колекція столових приладів, створена відомим художником Бернардом Йотом у 1991 році, поєднує у собі витонченість та граціозність. Стиль предметів ненав\'язливо нагадує рослинний та водний світ Єгипту: округлі форми лотоса, рельєф папірусу. Щедрий, але водночас тонкий та елегантний дизайн перетворює кожен прилад і віддає шанe міфічному царюі Стародавнього Єгипту.\r\n\r\nВиготовлена ​​з якісної нержавіючої сталі колекція Osiris покликана прикрасити повсякденний стіл.\r\n', 11, 35, 1, 0, 0, NULL, 1),
(43, 'НІЖ СТОЛОВИЙ \"OSIRIS\"', '1245', 'CHRISTOFLE', 345, NULL, 'Ніж столовий (обідній) – ніж із довгим лезом, із заокругленим або загостреним кінцем, із зазубринами – serrated blades, або без зазубрин – straight blades. Призначений для других гарячих страв. Довжина столового ножа приблизно дорівнює діаметру столової тарілки.\r\n\r\nOsiris – колекція столових приладів, створена відомим художником Бернардом Йотом у 1991 році, поєднує у собі витонченість та граціозність. Стиль предметів ненав\'язливо нагадує рослинний та водний світ Єгипту: округлі форми лотоса, рельєф папірусу. Щедрий, але водночас тонкий та елегантний дизайн перетворює кожен прилад і віддає шанe міфічному царюі Стародавнього Єгипту.\r\n\r\nВиготовлена ​​з якісної нержавіючої сталі колекція Osiris покликана прикрасити повсякденний стіл.\r\n', 11, 35, 1, 0, 1, NULL, 1),
(44, 'ЧАЙНА ЧАШКА З БЛЮДЦЕМ \"KINTSUGI SARKIS\"', '35634', 'BERNARDAUD', 753, NULL, 'Чайна чашка з блюдцем - набір із блюдця і чашки, виконані в єдиному стилі та призначений для однієї людини.\r\n\r\nВідомий французький художник Саркіс створив для Bernardaud незвичайну колекцію Kintsugi, що імітує японське мистецтво «цінувати вади» кінцугі - мистецтво реставрації керамічних виробів за допомогою лаку, змішаного з золотим, срібним або платиновим порошком. Філософія мистецтва кінцугі перш за все в тому, що поломки і тріщини - це невід\'ємна історія предмета і частина його життя.\r\n «Я зачарований цим японським мистецтвом 16-го століття, адже воно надає посуду ще більшу естетичну цінність» - говорить Саркіс.\r\nПримітно в колекції також те, що тріщини інкрустовані золотом, перетікають від тарілки до тарілки, створюючи цілісну композицію, якщо їх скласти докупи.\r\n', 12, 36, 1, 0, 0, NULL, 1),
(45, 'ЧАЙНА ЧАШКА З БЛЮДЦЕМ \"KINTSUGI ROUGE EMPEREUR', '5424', 'CHRISTOFLE', 534, NULL, 'Чайна чашка з блюдцем - набір із блюдця і чашки, виконані в єдиному стилі та призначений для однієї людини.\r\n\r\nВідомий французький художник Саркіс створив для Bernardaud незвичайну колекцію Kintsugi, що імітує японське мистецтво «цінувати вади» кінцугі - мистецтво реставрації керамічних виробів за допомогою лаку, змішаного з золотим, срібним або платиновим порошком. Філософія мистецтва кінцугі перш за все в тому, що поломки і тріщини - це невід\'ємна історія предмета і частина його життя.\r\n «Я зачарований цим японським мистецтвом 16-го століття, адже воно надає посуду ще більшу естетичну цінність» - говорить Саркіс.\r\nПримітно в колекції також те, що тріщини інкрустовані золотом, перетікають від тарілки до тарілки, створюючи цілісну композицію, якщо їх скласти докупи.\r\n', 12, 36, 1, 0, 0, NULL, 1),
(46, 'ЧАЙНА ЧАШКА З БЛЮДЦЕМ \"KINTSUGI CHARBON\"', '4445', 'BERNARDAUD', 334, NULL, 'Чайна чашка з блюдцем - набір із блюдця і чашки, виконані в єдиному стилі та призначений для однієї людини.\r\n\r\nВідомий французький художник Саркіс створив для Bernardaud незвичайну колекцію Kintsugi, що імітує японське мистецтво «цінувати вади» кінцугі - мистецтво реставрації керамічних виробів за допомогою лаку, змішаного з золотим, срібним або платиновим порошком. Філософія мистецтва кінцугі перш за все в тому, що поломки і тріщини - це невід\'ємна історія предмета і частина його життя.\r\n «Я зачарований цим японським мистецтвом 16-го століття, адже воно надає посуду ще більшу естетичну цінність» - говорить Саркіс.\r\nПримітно в колекції також те, що тріщини інкрустовані золотом, перетікають від тарілки до тарілки, створюючи цілісну композицію, якщо їх скласти докупи.\r\n', 12, 36, 1, 1, 1, NULL, 1);

-- --------------------------------------------------------

--
-- Структура таблиці `product_order`
--

CREATE TABLE `product_order` (
  `id` int NOT NULL,
  `user_name` varchar(255) CHARACTER SET utf8 COLLATE utf8_general_ci NOT NULL,
  `user_email` varchar(50) CHARACTER SET utf8 COLLATE utf8_general_ci NOT NULL,
  `user_phone` varchar(255) NOT NULL,
  `user_comment` text NOT NULL,
  `user_id` int DEFAULT NULL,
  `date` timestamp NOT NULL DEFAULT CURRENT_TIMESTAMP,
  `products` text NOT NULL,
  `status` int NOT NULL DEFAULT '1'
) ENGINE=MyISAM DEFAULT CHARSET=utf8;

--
-- Дамп даних таблиці `product_order`
--

INSERT INTO `product_order` (`id`, `user_name`, `user_email`, `user_phone`, `user_comment`, `user_id`, `date`, `products`, `status`) VALUES
(10, 'admin', 'admin@admin.web', '09795145693', 'loggedIn', 1, '2023-05-16 11:40:14', '{\"23\":3}', 1),
(11, 'moder', 'moderator2@gmail.com', '09795145693', 'moder', 14, '2023-05-16 17:37:55', '{\"22\":8}', 1),
(12, 'admin', 'admin@admin.web', '09795145693', 'товари 3 ', 1, '2023-05-16 19:33:36', '{\"18\":1,\"19\":1,\"20\":1}', 3),
(13, 'admin', 'admin@admin.web', '09795145693', 'Продовжуйте покупкиПродовжуйте покупки', 1, '2023-05-28 13:24:30', '{\"22\":1,\"24\":1,\"2\":1,\"6\":1}', 1),
(14, 'Bohdan', 'admin@gmail.com', '09795145693', 'цйув', 0, '2023-05-29 21:05:11', '{\"10\":1,\"8\":3}', 1),
(15, 'admin', 'admin3@gmail.com', '09795145693', 'hi', 16, '2023-06-10 12:38:51', '{\"46\":1}', 1);

-- --------------------------------------------------------

--
-- Структура таблиці `sub_category`
--

CREATE TABLE `sub_category` (
  `id` int NOT NULL,
  `name` varchar(255) NOT NULL,
  `sort_order` int NOT NULL,
  `category_id` int NOT NULL,
  `status` int NOT NULL DEFAULT '1'
) ENGINE=MyISAM DEFAULT CHARSET=utf8;

--
-- Дамп даних таблиці `sub_category`
--

INSERT INTO `sub_category` (`id`, `name`, `sort_order`, `category_id`, `status`) VALUES
(33, 'Статуетки', 1, 9, 1),
(35, 'Ложки', 1, 11, 1),
(36, 'Набори', 1, 12, 1),
(32, 'Вази', 1, 9, 1);

-- --------------------------------------------------------

--
-- Структура таблиці `user`
--

CREATE TABLE `user` (
  `id` int NOT NULL,
  `first_name` varchar(55) NOT NULL,
  `last_name` varchar(55) NOT NULL,
  `email` varchar(255) NOT NULL,
  `password` varchar(255) NOT NULL,
  `birth` varchar(55) NOT NULL,
  `company` varchar(255) NOT NULL,
  `address` varchar(255) NOT NULL,
  `city` varchar(255) NOT NULL,
  `state` varchar(255) NOT NULL,
  `postcode` int NOT NULL,
  `country` varchar(255) NOT NULL,
  `additional_info` text NOT NULL,
  `phone` varchar(255) NOT NULL,
  `date` timestamp NOT NULL DEFAULT CURRENT_TIMESTAMP,
  `status` int NOT NULL DEFAULT '1',
  `role` varchar(255) DEFAULT NULL
) ENGINE=MyISAM DEFAULT CHARSET=utf8;

--
-- Дамп даних таблиці `user`
--

INSERT INTO `user` (`id`, `first_name`, `last_name`, `email`, `password`, `birth`, `company`, `address`, `city`, `state`, `postcode`, `country`, `additional_info`, `phone`, `date`, `status`, `role`) VALUES
(16, 'admin', 'admin', 'admin3@gmail.com', '21082001', '', 'admin', 'admin', 'admin', 'admin', 45455, 'Україна', 'Додаткова інформація', '0978514333', '2023-06-10 12:38:23', 1, NULL),
(2, 'Rop', 'Loco', 'loco@mga.com', '123456', '2008-01-12', 'Cop', 'street 282', 'San Diego', '[\"5\"]', 18385, '[\"1\"]', 'Additional information', '123456789123', '2020-05-14 12:38:02', 1, 'user'),
(3, 'Test', 'Test', 'test@gmail.com', '123456', '2011-11-11', 'Test', 'test', 'Test', '[\"1\"]', 1341516, '[\"1\"]', 'test', '12345678912', '2020-05-14 14:49:46', 1, 'admin'),
(15, 'admin', 'nasdf', 'adminFF@gmail.com', 'e10adc3949ba59abbe56e057f20f883e', '', 'admin', 'admin', 'admin', 'admin', 45455, 'Україна', 'Додаткова інформація', '0978514592', '2023-06-06 15:49:18', 1, 'admin'),
(7, 'admin', 'admin', 'admin@gmail.com', 'admin', '2021-12-29', 'admin', 'admin', 'admin', 'admin', 45455, 'Украина', 'Додаткова інформація', '0978514592', '2023-01-23 17:26:11', 1, 'admin'),
(14, 'moder', 'moder', 'moderator2@gmail.com', 'moderator2', '', 'moderator2', 'moderator2', 'moderator2', 'moderator2', 0, 'Україна', 'Додаткова інформація', '0989878933', '2023-05-13 18:08:31', 1, 'moder');

--
-- Індекси збережених таблиць
--

--
-- Індекси таблиці `category`
--
ALTER TABLE `category`
  ADD PRIMARY KEY (`id`);

--
-- Індекси таблиці `product`
--
ALTER TABLE `product`
  ADD PRIMARY KEY (`id`);

--
-- Індекси таблиці `product_order`
--
ALTER TABLE `product_order`
  ADD PRIMARY KEY (`id`);

--
-- Індекси таблиці `sub_category`
--
ALTER TABLE `sub_category`
  ADD PRIMARY KEY (`id`);

--
-- Індекси таблиці `user`
--
ALTER TABLE `user`
  ADD PRIMARY KEY (`id`);

--
-- AUTO_INCREMENT для збережених таблиць
--

--
-- AUTO_INCREMENT для таблиці `category`
--
ALTER TABLE `category`
  MODIFY `id` int NOT NULL AUTO_INCREMENT, AUTO_INCREMENT=13;

--
-- AUTO_INCREMENT для таблиці `product`
--
ALTER TABLE `product`
  MODIFY `id` int NOT NULL AUTO_INCREMENT, AUTO_INCREMENT=47;

--
-- AUTO_INCREMENT для таблиці `product_order`
--
ALTER TABLE `product_order`
  MODIFY `id` int NOT NULL AUTO_INCREMENT, AUTO_INCREMENT=16;

--
-- AUTO_INCREMENT для таблиці `sub_category`
--
ALTER TABLE `sub_category`
  MODIFY `id` int NOT NULL AUTO_INCREMENT, AUTO_INCREMENT=37;

--
-- AUTO_INCREMENT для таблиці `user`
--
ALTER TABLE `user`
  MODIFY `id` int NOT NULL AUTO_INCREMENT, AUTO_INCREMENT=17;
COMMIT;

/*!40101 SET CHARACTER_SET_CLIENT=@OLD_CHARACTER_SET_CLIENT */;
/*!40101 SET CHARACTER_SET_RESULTS=@OLD_CHARACTER_SET_RESULTS */;
/*!40101 SET COLLATION_CONNECTION=@OLD_COLLATION_CONNECTION */;
